[{"model": "force_shop.product", "pk": 1, "fields": {"name": "Macbook Pro 2016", "text": "MacBook Pro with the revolutionary Touch Bar is available in 13-inch and 15-inch models. Get an in-depth look at what's new and buy online today.", "price": "1300.00", "price_sale": "0.00", "currency": 1, "default": false, "discount": false, "new_product": false, "short_desc": null, "state": 1, "purchase_state": true, "date_creation": "2017-11-02T10:29:04.046Z", "date_start": null, "data_end": null, "meta_title": null, "meta_url": "macbook-pro-2016", "meta_description": null, "meta_keywords": null, "brand": 1, "rating": 4.5, "image": "force_shop_media/images/product/macbookpro2016silver_eE9lfqq.jpg", "category": [1, 3, 4], "related_products": [1, 3, 4, 2], "upsell_products": [1, 3, 4], "images": [3, 4]}}, {"model": "force_shop.product", "pk": 2, "fields": {"name": "Lenovo Flex 3", "text": "", "price": "800.00", "price_sale": "0.00", "currency": 1, "default": false, "discount": false, "new_product": false, "short_desc": null, "state": 1, "purchase_state": true, "date_creation": "2017-11-02T10:56:07.314Z", "date_start": null, "data_end": null, "meta_title": null, "meta_url": "lenovo-flex-3", "meta_description": null, "meta_keywords": null, "brand": 2, "rating": 5.0, "image": "force_shop_media/images/product/flex_qcNVlcE.jpg", "category": [1, 3, 4, 9], "related_products": [1, 3, 4, 2], "upsell_products": [3, 4], "images": [2]}}, {"model": "force_shop.product", "pk": 3, "fields": {"name": "Macbook Pro 2015", "text": "Shop from the world's largest selection and best deals for 2015 Apple MacBook Pro Laptops", "price": "1200.00", "price_sale": "0.00", "currency": 1, "default": false, "discount": false, "new_product": false, "short_desc": null, "state": 1, "purchase_state": true, "date_creation": "2017-11-02T17:25:02.004Z", "date_start": null, "data_end": null, "meta_title": null, "meta_url": "macbook-pro-2015", "meta_description": null, "meta_keywords": null, "brand": 1, "rating": 4.2, "image": "force_shop_media/images/product/macbookpro2015_9u2lo2G.jpg", "category": [1, 3, 4], "related_products": [1, 4, 2], "upsell_products": [1, 4, 2], "images": [5]}}, {"model": "force_shop.product", "pk": 4, "fields": {"name": "Macbook Air", "text": "MacBook Air lasts up to an incredible 12 hours between charges. So from your morning coffee till your evening commute, you can work unplugged. When it\u2019s time to kick back and relax, you can get up to 12 hours of iTunes movie playback. And with up to 30 days of standby time, you can go away for weeks and pick up right where you left off.", "price": "999.00", "price_sale": "0.00", "currency": 1, "default": false, "discount": false, "new_product": false, "short_desc": "MacBook Air lasts up to an incredible 12 hours between charges", "state": 1, "purchase_state": true, "date_creation": "2017-11-07T19:01:10.851Z", "date_start": null, "data_end": null, "meta_title": null, "meta_url": "macbook-air", "meta_description": null, "meta_keywords": null, "brand": 1, "rating": 3.0, "image": "force_shop_media/images/product/macbookair_RPVwAql.jpg", "category": [1, 3, 4], "related_products": [1, 3, 2], "upsell_products": [1, 3, 2], "images": [6]}}, {"model": "force_shop.product", "pk": 5, "fields": {"name": "iPhone 7", "text": "", "price": "620.00", "price_sale": "0.00", "currency": 1, "default": false, "discount": false, "new_product": false, "short_desc": "Apple iPhone 7", "state": 1, "purchase_state": true, "date_creation": "2017-11-16T22:13:50.503Z", "date_start": null, "data_end": null, "meta_title": null, "meta_url": "iphone-7", "meta_description": null, "meta_keywords": null, "brand": 1, "rating": 5.0, "image": "force_shop_media/images/product/silver_sxSehfm.jpg", "category": [6], "related_products": [6], "upsell_products": [6], "images": [7, 8, 9, 10]}}, {"model": "force_shop.product", "pk": 6, "fields": {"name": "iPhone 7 Plus", "text": "iPhone 7 Plus Gold", "price": "770.00", "price_sale": "0.00", "currency": 1, "default": false, "discount": false, "new_product": false, "short_desc": "iPhone 7 Plus Gold", "state": 1, "purchase_state": true, "date_creation": "2017-11-16T22:20:07.108Z", "date_start": null, "data_end": null, "meta_title": null, "meta_url": "iphone-7-plus", "meta_description": null, "meta_keywords": null, "brand": 1, "rating": 5.0, "image": "force_shop_media/images/product/silver_plus_Akafo2k.jpg", "category": [6], "related_products": [5], "upsell_products": [5], "images": [11, 12, 13]}}, {"model": "force_shop.product", "pk": 7, "fields": {"name": "Fischer RC PRO 120 2018", "text": null, "price": "495.00", "price_sale": "0.00", "currency": 1, "default": false, "discount": false, "new_product": false, "short_desc": "The Fischer RC Pro 120 Thermoshape Ski Boots are a classic, high performance alpine boot that stop just short of race boot stiffness.", "state": 1, "purchase_state": true, "date_creation": "2017-11-23T10:39:41.484Z", "date_start": null, "data_end": null, "meta_title": null, "meta_url": "fischer-rc-pro-120-2018", "meta_description": null, "meta_keywords": null, "brand": 6, "rating": 5.0, "image": "force_shop_media/images/product/fischer-rc-pro-120-thermoshape-ski-boots-2018-black.jpg", "category": [10, 11], "related_products": [], "upsell_products": [], "images": []}}, {"model": "force_shop.productvariation", "pk": 1, "fields": {"product": 1, "state": 1, "default": false, "discount": true, "new_product": true, "code": "Space Gray", "count": 5, "price": "1400.00", "price_sale": "1500.00", "currency": 1, "guarantee": 12, "image": 3, "variations": [], "colors": []}}, {"model": "force_shop.productvariation", "pk": 2, "fields": {"product": 2, "state": 1, "default": false, "discount": false, "new_product": false, "code": null, "count": 1, "price": "800.00", "price_sale": "0.00", "currency": 1, "guarantee": null, "image": 2, "variations": [], "colors": []}}, {"model": "force_shop.productvariation", "pk": 3, "fields": {"product": 1, "state": 1, "default": true, "discount": false, "new_product": false, "code": "Silver", "count": 3, "price": "1400.00", "price_sale": "1500.00", "currency": 1, "guarantee": 12, "image": 4, "variations": [], "colors": []}}, {"model": "force_shop.productvariation", "pk": 4, "fields": {"product": 3, "state": 1, "default": false, "discount": false, "new_product": false, "code": "test", "count": 1, "price": "1200.00", "price_sale": "0.00", "currency": 1, "guarantee": null, "image": 5, "variations": [], "colors": []}}, {"model": "force_shop.productvariation", "pk": 5, "fields": {"product": 4, "state": 1, "default": false, "discount": false, "new_product": false, "code": null, "count": 1, "price": "999.00", "price_sale": "0.00", "currency": 1, "guarantee": 12, "image": 6, "variations": [], "colors": []}}, {"model": "force_shop.productvariation", "pk": 6, "fields": {"product": 5, "state": 1, "default": false, "discount": false, "new_product": false, "code": "Apple iPhone 7 32GB Gold", "count": 1, "price": "620.00", "price_sale": "0.00", "currency": 1, "guarantee": 12, "image": 7, "variations": [], "colors": []}}, {"model": "force_shop.productvariation", "pk": 7, "fields": {"product": 5, "state": 1, "default": false, "discount": false, "new_product": false, "code": "Apple iPhone 7 32GB Silver", "count": 1, "price": "620.00", "price_sale": "0.00", "currency": 1, "guarantee": 12, "image": 9, "variations": [], "colors": []}}, {"model": "force_shop.productvariation", "pk": 8, "fields": {"product": 5, "state": 1, "default": false, "discount": false, "new_product": false, "code": "Apple iPhone 7 32GB Rose Gold", "count": 1, "price": "620.00", "price_sale": "0.00", "currency": 1, "guarantee": 12, "image": 8, "variations": [], "colors": []}}, {"model": "force_shop.productvariation", "pk": 9, "fields": {"product": 5, "state": 1, "default": false, "discount": false, "new_product": false, "code": "Apple iPhone 7 32GB Black", "count": 1, "price": "620.00", "price_sale": "0.00", "currency": 1, "guarantee": null, "image": 10, "variations": [], "colors": []}}, {"model": "force_shop.productvariation", "pk": 10, "fields": {"product": 6, "state": 1, "default": false, "discount": false, "new_product": true, "code": "iPhone 7 Plus Gold 32", "count": 1, "price": "770.00", "price_sale": "0.00", "currency": 1, "guarantee": 12, "image": 11, "variations": [], "colors": []}}, {"model": "force_shop.productvariation", "pk": 11, "fields": {"product": 6, "state": 1, "default": false, "discount": false, "new_product": false, "code": "iPhone 7 Plus Silver 128", "count": 1, "price": "870.00", "price_sale": "0.00", "currency": 1, "guarantee": 12, "image": 12, "variations": [], "colors": []}}, {"model": "force_shop.productvariation", "pk": 12, "fields": {"product": 6, "state": 1, "default": false, "discount": false, "new_product": false, "code": "iPhone 7 Plus Black 256", "count": 1, "price": "920.00", "price_sale": "0.00", "currency": 1, "guarantee": 12, "image": 13, "variations": [], "colors": []}}, {"model": "force_shop.productvariation", "pk": 13, "fields": {"product": 7, "state": 1, "default": false, "discount": false, "new_product": false, "code": "U08317", "count": 1, "price": "495.00", "price_sale": "0.00", "currency": 1, "guarantee": null, "image": null, "variations": [21, 29], "colors": []}}, {"model": "force_shop.productvariation", "pk": 14, "fields": {"product": 7, "state": 1, "default": false, "discount": false, "new_product": false, "code": "U08317", "count": 1, "price": "495.00", "price_sale": "0.00", "currency": 1, "guarantee": null, "image": null, "variations": [21, 30], "colors": []}}, {"model": "force_shop.productvariation", "pk": 15, "fields": {"product": 7, "state": 1, "default": false, "discount": false, "new_product": false, "code": "U08317", "count": 1, "price": "495.00", "price_sale": "0.00", "currency": 1, "guarantee": null, "image": null, "variations": [23, 31], "colors": []}}, {"model": "force_shop.currency", "pk": 1, "fields": {"name": "USD", "coefficient": "1.0000", "symbol": "$", "ico_code": "840", "default": true}}, {"model": "force_shop.tagcollection", "pk": 1, "fields": {"name": "Processor (CPU)", "variations": [1, 2, 3, 4, 5, 6]}}, {"model": "force_shop.tagcollection", "pk": 2, "fields": {"name": "RAM", "variations": [7, 8, 9, 10]}}, {"model": "force_shop.tagcollection", "pk": 3, "fields": {"name": "Display resolution", "variations": [11, 12, 13, 14]}}, {"model": "force_shop.tagcollection", "pk": 4, "fields": {"name": "Display diagonal", "variations": [15, 16, 17, 18]}}, {"model": "force_shop.tagcollection", "pk": 5, "fields": {"name": "Size", "variations": [19, 20, 21, 22, 23]}}, {"model": "force_shop.tagcollection", "pk": 6, "fields": {"name": "Shoes size", "variations": [24, 25, 26, 27, 28, 29, 30, 31]}}, {"model": "force_shop.tag", "pk": 1, "fields": {"name": "Intel Celeron"}}, {"model": "force_shop.tag", "pk": 2, "fields": {"name": "Intel Xeon"}}, {"model": "force_shop.tag", "pk": 3, "fields": {"name": "Pentium"}}, {"model": "force_shop.tag", "pk": 4, "fields": {"name": "i3"}}, {"model": "force_shop.tag", "pk": 5, "fields": {"name": "i5"}}, {"model": "force_shop.tag", "pk": 6, "fields": {"name": "i7"}}, {"model": "force_shop.tag", "pk": 7, "fields": {"name": "2 Gb"}}, {"model": "force_shop.tag", "pk": 8, "fields": {"name": "4 Gb"}}, {"model": "force_shop.tag", "pk": 9, "fields": {"name": "8 Gb"}}, {"model": "force_shop.tag", "pk": 10, "fields": {"name": "16 Gb"}}, {"model": "force_shop.tag", "pk": 11, "fields": {"name": "1280x800"}}, {"model": "force_shop.tag", "pk": 12, "fields": {"name": "1366x768 - HD FWXGA"}}, {"model": "force_shop.tag", "pk": 13, "fields": {"name": "1920:1080 - Full HD (1080P)"}}, {"model": "force_shop.tag", "pk": 14, "fields": {"name": "Retina"}}, {"model": "force_shop.tag", "pk": 15, "fields": {"name": "- 11,9"}}, {"model": "force_shop.tag", "pk": 16, "fields": {"name": "12,0 - 13,9"}}, {"model": "force_shop.tag", "pk": 17, "fields": {"name": "14,0 - 15,9"}}, {"model": "force_shop.tag", "pk": 18, "fields": {"name": "16,0 +"}}, {"model": "force_shop.tag", "pk": 19, "fields": {"name": "XS"}}, {"model": "force_shop.tag", "pk": 20, "fields": {"name": "S"}}, {"model": "force_shop.tag", "pk": 21, "fields": {"name": "M"}}, {"model": "force_shop.tag", "pk": 22, "fields": {"name": "L"}}, {"model": "force_shop.tag", "pk": 23, "fields": {"name": "XL"}}, {"model": "force_shop.tag", "pk": 24, "fields": {"name": "38"}}, {"model": "force_shop.tag", "pk": 25, "fields": {"name": "39"}}, {"model": "force_shop.tag", "pk": 26, "fields": {"name": "40"}}, {"model": "force_shop.tag", "pk": 27, "fields": {"name": "41"}}, {"model": "force_shop.tag", "pk": 28, "fields": {"name": "42"}}, {"model": "force_shop.tag", "pk": 29, "fields": {"name": "43"}}, {"model": "force_shop.tag", "pk": 30, "fields": {"name": "44"}}, {"model": "force_shop.tag", "pk": 31, "fields": {"name": "45"}}, {"model": "force_shop.category", "pk": 1, "fields": {"name": "Computers", "slug": "computers", "parent": null, "text": "", "lft": 1, "rght": 16, "tree_id": 1, "level": 0, "collection": []}}, {"model": "force_shop.category", "pk": 2, "fields": {"name": "PC", "slug": "pc", "parent": 1, "text": "", "lft": 4, "rght": 5, "tree_id": 1, "level": 1, "collection": []}}, {"model": "force_shop.category", "pk": 3, "fields": {"name": "Laptops", "slug": "laptops", "parent": 1, "text": "", "lft": 6, "rght": 15, "tree_id": 1, "level": 1, "collection": []}}, {"model": "force_shop.category", "pk": 4, "fields": {"name": "Ultrabooks", "slug": "ultrabooks", "parent": 3, "text": "", "lft": 7, "rght": 10, "tree_id": 1, "level": 2, "collection": []}}, {"model": "force_shop.category", "pk": 5, "fields": {"name": "Monoblock", "slug": "monoblock", "parent": 1, "text": "", "lft": 2, "rght": 3, "tree_id": 1, "level": 1, "collection": []}}, {"model": "force_shop.category", "pk": 6, "fields": {"name": "Phones", "slug": "phones", "parent": null, "text": "", "lft": 1, "rght": 2, "tree_id": 2, "level": 0, "collection": []}}, {"model": "force_shop.category", "pk": 7, "fields": {"name": "PowerBooks", "slug": "powerbooks", "parent": 3, "text": "", "lft": 11, "rght": 12, "tree_id": 1, "level": 2, "collection": []}}, {"model": "force_shop.category", "pk": 8, "fields": {"name": "ThinkBooks", "slug": "thinkbooks", "parent": 3, "text": "", "lft": 13, "rght": 14, "tree_id": 1, "level": 2, "collection": []}}, {"model": "force_shop.category", "pk": 9, "fields": {"name": "Air", "slug": "air", "parent": 4, "text": "", "lft": 8, "rght": 9, "tree_id": 1, "level": 3, "collection": []}}, {"model": "force_shop.category", "pk": 10, "fields": {"name": "Clothes", "slug": "clothes", "parent": null, "text": "", "lft": 1, "rght": 4, "tree_id": 3, "level": 0, "collection": [5]}}, {"model": "force_shop.category", "pk": 11, "fields": {"name": "Shoes", "slug": "shoes", "parent": 10, "text": "", "lft": 2, "rght": 3, "tree_id": 3, "level": 1, "collection": [6]}}, {"model": "force_shop.imagesproduct", "pk": 1, "fields": {"name": "iPhone X", "image": "force_shop_media/images/product/apple.png"}}, {"model": "force_shop.imagesproduct", "pk": 2, "fields": {"name": "lenvo flex 3", "image": "force_shop_media/images/product/flex.jpg"}}, {"model": "force_shop.imagesproduct", "pk": 3, "fields": {"name": "macbookprogray", "image": "force_shop_media/images/product/macbookpro2016gray.jpg"}}, {"model": "force_shop.imagesproduct", "pk": 4, "fields": {"name": "macbookprosilver", "image": "force_shop_media/images/product/macbookpro2016silver.jpg"}}, {"model": "force_shop.imagesproduct", "pk": 5, "fields": {"name": "macbookpro2015", "image": "force_shop_media/images/product/macbookpro2015.jpg"}}, {"model": "force_shop.imagesproduct", "pk": 6, "fields": {"name": "Macbook Air", "image": "force_shop_media/images/product/macbookair.jpg"}}, {"model": "force_shop.imagesproduct", "pk": 7, "fields": {"name": "iPhone 7 Gold", "image": "force_shop_media/images/product/gold.jpg"}}, {"model": "force_shop.imagesproduct", "pk": 8, "fields": {"name": "iPhone 7 Rose", "image": "force_shop_media/images/product/rose.jpg"}}, {"model": "force_shop.imagesproduct", "pk": 9, "fields": {"name": "iPhone 7 Silver", "image": "force_shop_media/images/product/silver.jpg"}}, {"model": "force_shop.imagesproduct", "pk": 10, "fields": {"name": "iPhone 7 Black", "image": "force_shop_media/images/product/black.jpg"}}, {"model": "force_shop.imagesproduct", "pk": 11, "fields": {"name": "iPhone 7 Plus Gold", "image": "force_shop_media/images/product/gold_plus.jpg"}}, {"model": "force_shop.imagesproduct", "pk": 12, "fields": {"name": "iPhone 7 Plus Silver", "image": "force_shop_media/images/product/silver_plus.jpg"}}, {"model": "force_shop.imagesproduct", "pk": 13, "fields": {"name": "iPhone 7 Plus Black", "image": "force_shop_media/images/product/black_plus.jpg"}}, {"model": "force_shop.brand", "pk": 1, "fields": {"name": "Apple", "text": "", "image": "force_shop_media/images/brand/apple_T6Mct7X.png"}}, {"model": "force_shop.brand", "pk": 2, "fields": {"name": "Lenovo", "text": "", "image": "force_shop_media/images/brand/lenovo.png"}}, {"model": "force_shop.brand", "pk": 3, "fields": {"name": "HP", "text": "", "image": "force_shop_media/images/brand/hp.png"}}, {"model": "force_shop.brand", "pk": 4, "fields": {"name": "Google", "text": "", "image": "force_shop_media/images/brand/google.png"}}, {"model": "force_shop.brand", "pk": 5, "fields": {"name": "Atomic", "text": "", "image": ""}}, {"model": "force_shop.brand", "pk": 6, "fields": {"name": "Fischer", "text": "", "image": ""}}, {"model": "force_shop.brand", "pk": 7, "fields": {"name": "HEAD", "text": "", "image": ""}}, {"model": "force_shop.brand", "pk": 8, "fields": {"name": "Rossignol", "text": "", "image": ""}}, {"model": "force_shop.brand", "pk": 9, "fields": {"name": "Salomon", "text": "", "image": ""}}, {"model": "force_shop.order", "pk": 2, "fields": {"user": 1, "order_first_name": "Dmytro", "order_last_name": "Lyapun", "order_shipping": "NovaPoshta 22", "order_flat": null, "order_house": "25", "order_street": "Patona", "order_city": "Lviv", "order_state": "Lviv", "order_postcode": "10005", "order_country": "Ukraine", "order_phone": "+380730651845", "order_email": "root@root.com", "price_captured": "550.00", "shipping_price": "15.00", "tax_price": "5.00", "currency": 1, "additional_instructions": "", "date_creation": "2017-11-18T21:46:23.936Z", "cart": 11, "shipping_type": 1, "transaction_id": "123456789012", "status_payment": 1, "status_shipping": 1}}, {"model": "force_shop.shipping", "pk": 1, "fields": {"name": "NovaPoshta", "image": ""}}, {"model": "force_shop.cart", "pk": 11, "fields": {"creation_date": "2017-11-18T21:42:48.151Z"}}, {"model": "force_shop.cart", "pk": 12, "fields": {"creation_date": "2017-11-18T21:46:23.953Z"}}, {"model": "force_shop.cart", "pk": 13, "fields": {"creation_date": "2017-11-18T21:52:17.429Z"}}, {"model": "force_shop.cart", "pk": 14, "fields": {"creation_date": "2017-11-19T11:11:05.343Z"}}, {"model": "force_shop.cart", "pk": 15, "fields": {"creation_date": "2017-11-20T21:25:09.359Z"}}, {"model": "force_shop.cart", "pk": 16, "fields": {"creation_date": "2017-11-21T20:50:23.037Z"}}, {"model": "force_shop.cart", "pk": 17, "fields": {"creation_date": "2017-11-23T10:04:27.405Z"}}, {"model": "force_shop.cart", "pk": 18, "fields": {"creation_date": "2017-11-27T21:18:13.471Z"}}, {"model": "force_shop.item", "pk": 12, "fields": {"cart": 11, "quantity": 1, "product": 11}}, {"model": "force_shop.item", "pk": 13, "fields": {"cart": 11, "quantity": 1, "product": 11}}, {"model": "force_shop.item", "pk": 14, "fields": {"cart": 16, "quantity": 1, "product": 11}}, {"model": "force_shop.item", "pk": 16, "fields": {"cart": 17, "quantity": 1, "product": 13}}, {"model": "force_shop.item", "pk": 17, "fields": {"cart": 17, "quantity": 1, "product": 9}}]